entry_id,week,team,result
G1-1,1,JAX,won
G1-1,2,BUF,won
G1-1,3,KC,won
G1-2,1,JAX,won
G1-2,2,SF,won
G1-2,3,KC,won
G1-3,1,JAX,won
G1-3,2,SF,won
G1-3,3,KC,won
G1-7,1,JAX,won
G1-7,2,SF,won
G1-7,3,SEA,lost
G1-8,1,JAX,won
G1-8,2,SF,won
G1-8,3,NO,lost
G1-13,1,DET,won
G1-13,2,BUF,won
G1-13,3,KC,won
G1-15,1,DET,won
G1-15,2,SF,won
G1-15,3,KC,won
G1-17,1,CIN,won
G1-17,2,BUF,won
G1-17,3,SEA,lost
G1-18,1,CIN,won
G1-18,2,SF,won
G1-18,3,SEA,lost
G2-1,1,JAX,won
G2-1,2,SF,won
G2-1,3,NO,lost
G2-6,1,JAX,won
G2-6,2,PHI,won
G2-6,3,KC,won
G2-7,1,JAX,won
G2-7,2,BUF,won
G2-7,3,KC,won
G2-9,1,DET,won
G2-9,2,PHI,won
G2-9,3,KC,won
G2-11,1,DET,won
G2-11,2,PHI,won
G2-11,3,KC,won
G2-12,1,DET,won
G2-12,2,SF,won
G2-12,3,SEA,lost
G2-13,1,DET,won
G2-13,2,BUF,won
G2-13,3,SEA,lost
G2-14,1,CIN,won
G2-14,2,BUF,won
G2-14,3,KC,won
G2-17,1,CIN,won
G2-17,2,SF,won
G2-17,3,SEA,lost
G2-18,1,PHI,won
G2-18,2,SF,won
G2-18,3,NO,lost
