team,win_total,division
BAL,11.5,AFC North
LAR,11.5,NFC West
BUF,10.5,AFC East
KC,10.5,AFC West
DET,10.5,NFC North
GB,9.5,NFC North
PHI,10.5,NFC East
SF,10.5,NFC West
SEA,10.5,NFC West
CIN,9.5,AFC North
DEN,9.5,AFC West
HOU,9.5,AFC South
LAC,9.5,AFC West
NE,9.5,AFC East
CHI,9.5,NFC North
JAX,8.5,AFC South
PIT,8.5,AFC North
DAL,9.5,NFC East
MIN,8.5,NFC North
TB,8.5,NFC South
IND,7.5,AFC South
ATL,7.5,NFC South
CAR,7.5,NFC South
NO,7.5,NFC South
NYG,7.5,NFC East
WSH,7.5,NFC East
TEN,6.5,AFC South
CLE,5.5,AFC North
LV,5.5,AFC West
NYJ,5.5,AFC East
MIA,3.5,AFC East
AZ,3.5,NFC West
