taken_at_et,slot,week,kickoff_et,away,home,spread_home,home_ml,away_ml,market_wp_home,market_spread_wp_home,rating_spread_home,rating_wp_home
2026-09-30 14:57,manual,4,Thu 10/01 08:15 PM,PIT,CLE,-2.5,124.0,-148.0,0.4279,0.4125,-4.14,0.3571
2026-09-30 14:57,manual,4,Sun 10/04 09:30 AM,IND,WSH,-3.5,154.0,-185.0,0.3775,0.3784,0.49,0.5174
2026-09-30 14:57,manual,4,Sun 10/04 01:00 PM,TEN,BAL,11.5,-700.0,500.0,0.84,0.8456,10.97,0.8341
2026-09-30 14:57,manual,4,Sun 10/04 01:00 PM,NE,BUF,6.5,-290.0,235.0,0.7136,0.7174,4.92,0.6682
2026-09-30 14:57,manual,4,Sun 10/04 01:00 PM,NYJ,CHI,3.5,-180.0,150.0,0.6164,0.6216,8.2,0.7659
2026-09-30 14:57,manual,4,Sun 10/04 01:00 PM,JAX,CIN,2.5,-148.0,124.0,0.5721,0.5875,2.88,0.6007
2026-09-30 14:57,manual,4,Sun 10/04 01:00 PM,DAL,HOU,2.5,-142.0,120.0,0.5635,0.5875,2.25,0.579
2026-09-30 14:57,manual,4,Sun 10/04 01:00 PM,AZ,NYG,-2.5,110.0,-130.0,0.4573,0.4125,6.5,0.7173
2026-09-30 14:57,manual,4,Sun 10/04 01:00 PM,LAR,PHI,-3.0,136.0,-162.0,0.4066,0.3953,1.19,0.542
2026-09-30 14:57,manual,4,Sun 10/04 01:00 PM,GB,TB,-3.5,154.0,-185.0,0.3775,0.3784,0.06,0.502
2026-09-30 14:57,manual,4,Sun 10/04 04:05 PM,MIA,MIN,10.5,-625.0,455.0,0.8271,0.8236,11.03,0.8355
2026-09-30 14:57,manual,4,Sun 10/04 04:25 PM,KC,LV,-4.5,185.0,-225.0,0.3364,0.3452,-7.59,0.251
2026-09-30 14:57,manual,4,Sun 10/04 04:25 PM,LAC,SEA,7.0,-380.0,300.0,0.76,0.7322,4.31,0.6485
2026-09-30 14:57,manual,4,Sun 10/04 04:25 PM,DEN,SF,3.0,-148.0,124.0,0.5721,0.6047,1.64,0.5576
2026-09-30 14:57,manual,4,Sun 10/04 08:20 PM,DET,CAR,-3.5,154.0,-185.0,0.3775,0.3784,-2.93,0.3977
2026-09-30 14:57,manual,4,Mon 10/05 08:15 PM,ATL,NO,2.5,-148.0,124.0,0.5721,0.5875,2.21,0.5774
2026-09-30 15:30,manual,4,Thu 10/01 08:15 PM,PIT,CLE,-2.5,124.0,-148.0,0.4279,0.4125,-4.14,0.3571
2026-09-30 15:30,manual,4,Sun 10/04 09:30 AM,IND,WSH,-3.5,160.0,-192.0,0.3691,0.3784,0.49,0.5174
2026-09-30 15:30,manual,4,Sun 10/04 01:00 PM,TEN,BAL,11.5,-700.0,500.0,0.84,0.8456,10.97,0.8341
2026-09-30 15:30,manual,4,Sun 10/04 01:00 PM,NE,BUF,6.5,-290.0,235.0,0.7136,0.7174,4.92,0.6682
2026-09-30 15:30,manual,4,Sun 10/04 01:00 PM,NYJ,CHI,3.5,-180.0,150.0,0.6164,0.6216,8.2,0.7659
2026-09-30 15:30,manual,4,Sun 10/04 01:00 PM,JAX,CIN,2.5,-148.0,124.0,0.5721,0.5875,2.88,0.6007
2026-09-30 15:30,manual,4,Sun 10/04 01:00 PM,DAL,HOU,2.5,-142.0,120.0,0.5635,0.5875,2.25,0.579
2026-09-30 15:30,manual,4,Sun 10/04 01:00 PM,AZ,NYG,-2.5,110.0,-130.0,0.4573,0.4125,6.5,0.7173
2026-09-30 15:30,manual,4,Sun 10/04 01:00 PM,LAR,PHI,-3.0,136.0,-162.0,0.4066,0.3953,1.19,0.542
2026-09-30 15:30,manual,4,Sun 10/04 01:00 PM,GB,TB,-3.5,154.0,-185.0,0.3775,0.3784,0.06,0.502
2026-09-30 15:30,manual,4,Sun 10/04 04:05 PM,MIA,MIN,10.5,-625.0,455.0,0.8271,0.8236,11.03,0.8355
2026-09-30 15:30,manual,4,Sun 10/04 04:25 PM,KC,LV,-4.5,185.0,-225.0,0.3364,0.3452,-7.59,0.251
2026-09-30 15:30,manual,4,Sun 10/04 04:25 PM,LAC,SEA,7.0,-380.0,300.0,0.76,0.7322,4.31,0.6485
2026-09-30 15:30,manual,4,Sun 10/04 04:25 PM,DEN,SF,3.0,-148.0,124.0,0.5721,0.6047,1.64,0.5576
2026-09-30 15:30,manual,4,Sun 10/04 08:20 PM,DET,CAR,-3.5,154.0,-185.0,0.3775,0.3784,-2.93,0.3977
2026-09-30 15:30,manual,4,Mon 10/05 08:15 PM,ATL,NO,2.5,-148.0,124.0,0.5721,0.5875,2.21,0.5774
2026-09-30 15:35,manual,4,Thu 10/01 08:15 PM,PIT,CLE,-2.5,124.0,-148.0,0.4279,0.4125,-4.14,0.3571
2026-09-30 15:35,manual,4,Sun 10/04 09:30 AM,IND,WSH,-3.5,160.0,-192.0,0.3691,0.3784,-0.99,0.4653
2026-09-30 15:35,manual,4,Sun 10/04 01:00 PM,TEN,BAL,11.5,-700.0,500.0,0.84,0.8456,10.71,0.8284
2026-09-30 15:35,manual,4,Sun 10/04 01:00 PM,NE,BUF,6.5,-290.0,235.0,0.7136,0.7174,4.91,0.6681
2026-09-30 15:35,manual,4,Sun 10/04 01:00 PM,NYJ,CHI,3.5,-180.0,150.0,0.6164,0.6216,8.2,0.7659
2026-09-30 15:35,manual,4,Sun 10/04 01:00 PM,JAX,CIN,2.5,-148.0,124.0,0.5721,0.5875,2.88,0.6005
2026-09-30 15:35,manual,4,Sun 10/04 01:00 PM,DAL,HOU,2.5,-142.0,120.0,0.5635,0.5875,2.0,0.5701
2026-09-30 15:35,manual,4,Sun 10/04 01:00 PM,AZ,NYG,-2.5,110.0,-130.0,0.4573,0.4125,6.59,0.7202
2026-09-30 15:35,manual,4,Sun 10/04 01:00 PM,LAR,PHI,-3.0,136.0,-162.0,0.4066,0.3953,1.01,0.5356
2026-09-30 15:35,manual,4,Sun 10/04 01:00 PM,GB,TB,-3.5,154.0,-185.0,0.3775,0.3784,0.06,0.502
2026-09-30 15:35,manual,4,Sun 10/04 04:05 PM,MIA,MIN,10.5,-625.0,455.0,0.8271,0.8236,11.06,0.8362
2026-09-30 15:35,manual,4,Sun 10/04 04:25 PM,KC,LV,-4.5,185.0,-225.0,0.3364,0.3452,-7.59,0.2508
2026-09-30 15:35,manual,4,Sun 10/04 04:25 PM,LAC,SEA,7.0,-380.0,300.0,0.76,0.7322,4.32,0.6488
2026-09-30 15:35,manual,4,Sun 10/04 04:25 PM,DEN,SF,3.0,-148.0,124.0,0.5721,0.6047,1.42,0.5499
2026-09-30 15:35,manual,4,Sun 10/04 08:20 PM,DET,CAR,-3.5,154.0,-185.0,0.3775,0.3784,-2.92,0.3979
2026-09-30 15:35,manual,4,Mon 10/05 08:15 PM,ATL,NO,2.5,-148.0,124.0,0.5721,0.5875,2.17,0.576
2026-09-30 15:57,manual,4,Thu 10/01 08:15 PM,PIT,CLE,-2.5,124.0,-148.0,0.4279,0.4125,-4.14,0.3571
2026-09-30 15:57,manual,4,Sun 10/04 09:30 AM,IND,WSH,-3.5,160.0,-192.0,0.3691,0.3784,-0.99,0.4653
2026-09-30 15:57,manual,4,Sun 10/04 01:00 PM,TEN,BAL,11.5,-700.0,500.0,0.84,0.8456,10.71,0.8284
2026-09-30 15:57,manual,4,Sun 10/04 01:00 PM,NE,BUF,6.5,-290.0,235.0,0.7136,0.7174,4.91,0.6681
2026-09-30 15:57,manual,4,Sun 10/04 01:00 PM,NYJ,CHI,3.5,-180.0,150.0,0.6164,0.6216,8.2,0.7659
2026-09-30 15:57,manual,4,Sun 10/04 01:00 PM,JAX,CIN,2.5,-148.0,124.0,0.5721,0.5875,2.88,0.6005
2026-09-30 15:57,manual,4,Sun 10/04 01:00 PM,DAL,HOU,2.5,-142.0,120.0,0.5635,0.5875,2.0,0.5701
2026-09-30 15:57,manual,4,Sun 10/04 01:00 PM,AZ,NYG,-2.5,114.0,-135.0,0.4486,0.4125,6.59,0.7202
2026-09-30 15:57,manual,4,Sun 10/04 01:00 PM,LAR,PHI,-3.0,136.0,-162.0,0.4066,0.3953,1.01,0.5356
2026-09-30 15:57,manual,4,Sun 10/04 01:00 PM,GB,TB,-3.5,160.0,-192.0,0.3691,0.3784,0.06,0.502
2026-09-30 15:57,manual,4,Sun 10/04 04:05 PM,MIA,MIN,10.5,-650.0,470.0,0.8316,0.8236,11.06,0.8362
2026-09-30 15:57,manual,4,Sun 10/04 04:25 PM,KC,LV,-4.5,185.0,-225.0,0.3364,0.3452,-7.59,0.2508
2026-09-30 15:57,manual,4,Sun 10/04 04:25 PM,LAC,SEA,7.0,-380.0,300.0,0.76,0.7322,4.32,0.6488
2026-09-30 15:57,manual,4,Sun 10/04 04:25 PM,DEN,SF,3.0,-148.0,124.0,0.5721,0.6047,1.42,0.5499
2026-09-30 15:57,manual,4,Sun 10/04 08:20 PM,DET,CAR,-3.5,154.0,-185.0,0.3775,0.3784,-2.92,0.3979
2026-09-30 15:57,manual,4,Mon 10/05 08:15 PM,ATL,NO,2.5,-148.0,124.0,0.5721,0.5875,2.17,0.576
2026-09-30 18:26,Wed injury report,4,Thu 10/01 08:15 PM,PIT,CLE,-2.5,124.0,-148.0,0.4279,0.4125,-4.14,0.3571
2026-09-30 18:26,Wed injury report,4,Sun 10/04 09:30 AM,IND,WSH,-3.5,160.0,-192.0,0.3691,0.3784,-0.99,0.4653
2026-09-30 18:26,Wed injury report,4,Sun 10/04 01:00 PM,TEN,BAL,11.5,-700.0,500.0,0.84,0.8456,10.71,0.8284
2026-09-30 18:26,Wed injury report,4,Sun 10/04 01:00 PM,NE,BUF,6.5,-290.0,235.0,0.7136,0.7174,4.91,0.6681
2026-09-30 18:26,Wed injury report,4,Sun 10/04 01:00 PM,NYJ,CHI,3.5,-175.0,145.0,0.6092,0.6216,8.2,0.7659
2026-09-30 18:26,Wed injury report,4,Sun 10/04 01:00 PM,JAX,CIN,2.5,-148.0,124.0,0.5721,0.5875,2.88,0.6005
2026-09-30 18:26,Wed injury report,4,Sun 10/04 01:00 PM,DAL,HOU,3.0,-162.0,136.0,0.5934,0.6047,2.0,0.5701
2026-09-30 18:26,Wed injury report,4,Sun 10/04 01:00 PM,AZ,NYG,-2.5,120.0,-142.0,0.4365,0.4125,6.59,0.7202
2026-09-30 18:26,Wed injury report,4,Sun 10/04 01:00 PM,LAR,PHI,-3.0,136.0,-162.0,0.4066,0.3953,1.01,0.5356
2026-09-30 18:26,Wed injury report,4,Sun 10/04 01:00 PM,GB,TB,-3.5,145.0,-175.0,0.3908,0.3784,0.06,0.502
2026-09-30 18:26,Wed injury report,4,Sun 10/04 04:05 PM,MIA,MIN,10.5,-625.0,455.0,0.8271,0.8236,11.06,0.8362
2026-09-30 18:26,Wed injury report,4,Sun 10/04 04:25 PM,KC,LV,-4.5,185.0,-225.0,0.3364,0.3452,-7.59,0.2508
2026-09-30 18:26,Wed injury report,4,Sun 10/04 04:25 PM,LAC,SEA,7.0,-380.0,300.0,0.76,0.7322,4.32,0.6488
2026-09-30 18:26,Wed injury report,4,Sun 10/04 04:25 PM,DEN,SF,3.0,-148.0,124.0,0.5721,0.6047,1.42,0.5499
2026-09-30 18:26,Wed injury report,4,Sun 10/04 08:20 PM,DET,CAR,-3.5,150.0,-180.0,0.3836,0.3784,-2.92,0.3979
2026-09-30 18:26,Wed injury report,4,Mon 10/05 08:15 PM,ATL,NO,2.5,-148.0,124.0,0.5721,0.5875,2.17,0.576
2026-10-01 18:23,Thu pre-TNF,4,Thu 10/01 08:15 PM,PIT,CLE,-2.5,124.0,-148.0,0.4279,0.4125,-4.14,0.3571
2026-10-01 18:23,Thu pre-TNF,4,Sun 10/04 09:30 AM,IND,WSH,-3.5,160.0,-192.0,0.3691,0.3784,-0.99,0.4653
2026-10-01 18:23,Thu pre-TNF,4,Sun 10/04 01:00 PM,TEN,BAL,11.5,-650.0,470.0,0.8316,0.8456,10.71,0.8284
2026-10-01 18:23,Thu pre-TNF,4,Sun 10/04 01:00 PM,NE,BUF,7.0,-305.0,245.0,0.7221,0.7322,4.91,0.6681
2026-10-01 18:23,Thu pre-TNF,4,Sun 10/04 01:00 PM,NYJ,CHI,3.5,-175.0,145.0,0.6092,0.6216,8.2,0.7659
2026-10-01 18:23,Thu pre-TNF,4,Sun 10/04 01:00 PM,JAX,CIN,2.5,-142.0,120.0,0.5635,0.5875,2.88,0.6005
2026-10-01 18:23,Thu pre-TNF,4,Sun 10/04 01:00 PM,DAL,HOU,3.0,-162.0,136.0,0.5934,0.6047,2.0,0.5701
2026-10-01 18:23,Thu pre-TNF,4,Sun 10/04 01:00 PM,AZ,NYG,-2.5,120.0,-142.0,0.4365,0.4125,6.59,0.7202
2026-10-01 18:23,Thu pre-TNF,4,Sun 10/04 01:00 PM,LAR,PHI,-3.5,142.0,-170.0,0.3962,0.3784,1.01,0.5356
2026-10-01 18:23,Thu pre-TNF,4,Sun 10/04 01:00 PM,GB,TB,-3.5,150.0,-180.0,0.3836,0.3784,0.06,0.502
2026-10-01 18:23,Thu pre-TNF,4,Sun 10/04 04:05 PM,MIA,MIN,10.5,-625.0,455.0,0.8271,0.8236,11.06,0.8362
2026-10-01 18:23,Thu pre-TNF,4,Sun 10/04 04:25 PM,KC,LV,-4.5,180.0,-218.0,0.3425,0.3452,-7.59,0.2508
2026-10-01 18:23,Thu pre-TNF,4,Sun 10/04 04:25 PM,LAC,SEA,7.0,-380.0,300.0,0.76,0.7322,4.32,0.6488
2026-10-01 18:23,Thu pre-TNF,4,Sun 10/04 04:25 PM,DEN,SF,3.0,-148.0,124.0,0.5721,0.6047,1.42,0.5499
2026-10-01 18:23,Thu pre-TNF,4,Sun 10/04 08:20 PM,DET,CAR,-3.5,154.0,-185.0,0.3775,0.3784,-2.92,0.3979
2026-10-01 18:23,Thu pre-TNF,4,Mon 10/05 08:15 PM,ATL,NO,2.5,-148.0,124.0,0.5721,0.5875,2.17,0.576
2026-10-02 18:24,Fri final designations,4,Sun 10/04 09:30 AM,IND,WSH,-4.5,164.0,-198.0,0.3631,0.3452,-0.99,0.4653
2026-10-02 18:24,Fri final designations,4,Sun 10/04 01:00 PM,TEN,BAL,11.5,-700.0,500.0,0.84,0.8456,10.71,0.8284
2026-10-02 18:24,Fri final designations,4,Sun 10/04 01:00 PM,NE,BUF,7.0,-305.0,245.0,0.7221,0.7322,4.91,0.6681
2026-10-02 18:24,Fri final designations,4,Sun 10/04 01:00 PM,NYJ,CHI,3.5,-185.0,154.0,0.6225,0.6216,8.2,0.7659
2026-10-02 18:24,Fri final designations,4,Sun 10/04 01:00 PM,JAX,CIN,2.5,-142.0,120.0,0.5635,0.5875,2.88,0.6005
2026-10-02 18:24,Fri final designations,4,Sun 10/04 01:00 PM,DAL,HOU,3.0,-162.0,136.0,0.5934,0.6047,2.0,0.5701
2026-10-02 18:24,Fri final designations,4,Sun 10/04 01:00 PM,AZ,NYG,-2.5,120.0,-142.0,0.4365,0.4125,6.59,0.7202
2026-10-02 18:24,Fri final designations,4,Sun 10/04 01:00 PM,LAR,PHI,-3.5,154.0,-185.0,0.3775,0.3784,1.01,0.5356
2026-10-02 18:24,Fri final designations,4,Sun 10/04 01:00 PM,GB,TB,-3.5,150.0,-180.0,0.3836,0.3784,0.06,0.502
2026-10-02 18:24,Fri final designations,4,Sun 10/04 04:05 PM,MIA,MIN,10.5,-625.0,455.0,0.8271,0.8236,11.06,0.8362
2026-10-02 18:24,Fri final designations,4,Sun 10/04 04:25 PM,KC,LV,-4.5,180.0,-218.0,0.3425,0.3452,-7.59,0.2508
2026-10-02 18:24,Fri final designations,4,Sun 10/04 04:25 PM,LAC,SEA,7.0,-375.0,295.0,0.7572,0.7322,4.32,0.6488
2026-10-02 18:24,Fri final designations,4,Sun 10/04 04:25 PM,DEN,SF,3.0,-148.0,124.0,0.5721,0.6047,1.42,0.5499
2026-10-02 18:24,Fri final designations,4,Sun 10/04 08:20 PM,DET,CAR,-3.5,154.0,-185.0,0.3775,0.3784,-2.92,0.3979
2026-10-02 18:24,Fri final designations,4,Mon 10/05 08:15 PM,ATL,NO,2.5,-135.0,114.0,0.5514,0.5875,2.17,0.576
