built_at_et,built_for_week,rank,team,rating,preseason,change,rating_pre
2026-09-30 18:26,4,1,LAR,5.473,6.062,-0.589,4.987
2026-09-30 18:26,4,2,BAL,5.432,6.062,-0.63,5.281
2026-09-30 18:26,4,3,BUF,5.254,4.062,1.192,5.068
2026-09-30 18:26,4,4,SEA,4.237,4.062,0.175,3.723
2026-09-30 18:26,4,5,PHI,3.66,4.062,-0.402,4.446
2026-09-30 18:26,4,6,KC,3.228,4.062,-0.834,3.607
2026-09-30 18:26,4,7,DET,3.192,4.062,-0.871,2.9
2026-09-30 18:26,4,8,SF,3.062,4.062,-1.001,2.503
2026-09-30 18:26,4,9,DEN,2.446,2.062,0.384,2.635
2026-09-30 18:26,4,10,HOU,2.412,2.062,0.349,2.27
2026-09-30 18:26,4,11,CIN,2.144,2.062,0.082,2.297
2026-09-30 18:26,4,12,GB,1.878,2.062,-0.184,1.249
2026-09-30 18:26,4,13,DAL,1.552,2.062,-0.511,1.823
2026-09-30 18:26,4,14,NE,1.519,2.062,-0.543,1.707
2026-09-30 18:26,4,15,CHI,1.118,2.062,-0.944,1.914
2026-09-30 18:26,4,16,JAX,0.904,0.062,0.841,0.969
2026-09-30 18:26,4,17,LAC,0.877,2.062,-1.185,0.956
2026-09-30 18:26,4,18,MIN,0.317,0.062,0.254,0.536
2026-09-30 18:26,4,19,PIT,-0.626,0.062,-0.689,-0.388
2026-09-30 18:26,4,20,TB,-0.722,0.062,-0.785,-0.243
2026-09-30 18:26,4,21,IND,-0.94,-1.938,0.997,-1.223
2026-09-30 18:26,4,22,CAR,-1.691,-1.938,0.247,-1.573
2026-09-30 18:26,4,23,NO,-2.07,-1.938,-0.133,-2.272
2026-09-30 18:26,4,24,WSH,-2.587,-1.938,-0.65,-2.208
2026-09-30 18:26,4,25,ATL,-2.785,-1.938,-0.848,-2.887
2026-09-30 18:26,4,26,NYG,-3.223,-1.938,-1.286,-1.917
2026-09-30 18:26,4,27,NYJ,-4.111,-5.938,1.827,-4.734
2026-09-30 18:26,4,28,TEN,-4.196,-3.938,-0.258,-3.878
2026-09-30 18:26,4,29,LV,-5.103,-5.938,0.834,-5.536
2026-09-30 18:26,4,30,AZ,-5.796,-9.938,4.142,-6.96
2026-09-30 18:26,4,31,CLE,-5.915,-5.938,0.022,-6.076
2026-09-30 18:26,4,32,MIA,-8.94,-9.938,0.997,-8.976
