built_at_et,built_for_week,rank,team,rating,rating_pre,preseason,change
2026-09-30 18:26,4,1,LAR,5.473,4.987,6.062,-0.589
2026-09-30 18:26,4,2,BAL,5.432,5.281,6.062,-0.63
2026-09-30 18:26,4,3,BUF,5.254,5.068,4.062,1.192
2026-09-30 18:26,4,4,SEA,4.237,3.723,4.062,0.175
2026-09-30 18:26,4,5,PHI,3.66,4.446,4.062,-0.402
2026-09-30 18:26,4,6,KC,3.228,3.607,4.062,-0.834
2026-09-30 18:26,4,7,DET,3.192,2.9,4.062,-0.871
2026-09-30 18:26,4,8,SF,3.062,2.503,4.062,-1.001
2026-09-30 18:26,4,9,DEN,2.446,2.635,2.062,0.384
2026-09-30 18:26,4,10,HOU,2.412,2.27,2.062,0.349
2026-09-30 18:26,4,11,CIN,2.144,2.297,2.062,0.082
2026-09-30 18:26,4,12,GB,1.878,1.249,2.062,-0.184
2026-09-30 18:26,4,13,DAL,1.552,1.823,2.062,-0.511
2026-09-30 18:26,4,14,NE,1.519,1.707,2.062,-0.543
2026-09-30 18:26,4,15,CHI,1.118,1.914,2.062,-0.944
2026-09-30 18:26,4,16,JAX,0.904,0.969,0.062,0.841
2026-09-30 18:26,4,17,LAC,0.877,0.956,2.062,-1.185
2026-09-30 18:26,4,18,MIN,0.317,0.536,0.062,0.254
2026-09-30 18:26,4,19,PIT,-0.626,-0.388,0.062,-0.689
2026-09-30 18:26,4,20,TB,-0.722,-0.243,0.062,-0.785
2026-09-30 18:26,4,21,IND,-0.94,-1.223,-1.938,0.997
2026-09-30 18:26,4,22,CAR,-1.691,-1.573,-1.938,0.247
2026-09-30 18:26,4,23,NO,-2.07,-2.272,-1.938,-0.133
2026-09-30 18:26,4,24,WSH,-2.587,-2.208,-1.938,-0.65
2026-09-30 18:26,4,25,ATL,-2.785,-2.887,-1.938,-0.848
2026-09-30 18:26,4,26,NYG,-3.223,-1.917,-1.938,-1.286
2026-09-30 18:26,4,27,NYJ,-4.111,-4.734,-5.938,1.827
2026-09-30 18:26,4,28,TEN,-4.196,-3.878,-3.938,-0.258
2026-09-30 18:26,4,29,LV,-5.103,-5.536,-5.938,0.834
2026-09-30 18:26,4,30,AZ,-5.796,-6.96,-9.938,4.142
2026-09-30 18:26,4,31,CLE,-5.915,-6.076,-5.938,0.022
2026-09-30 18:26,4,32,MIA,-8.94,-8.976,-9.938,0.997
