built_at_et,built_for_week,rank,team,rating,preseason,change
2026-09-30 14:57,4,1,BAL,5.525,6.062,-0.537
2026-09-30 14:57,4,2,BUF,5.071,4.062,1.008
2026-09-30 14:57,4,3,LAR,4.797,6.062,-1.265
2026-09-30 14:57,4,4,PHI,4.439,4.062,0.376
2026-09-30 14:57,4,5,SEA,3.721,4.062,-0.341
2026-09-30 14:57,4,6,KC,3.613,4.062,-0.45
2026-09-30 14:57,4,7,DET,2.906,4.062,-1.157
2026-09-30 14:57,4,8,SF,2.688,4.062,-1.375
2026-09-30 14:57,4,9,DEN,2.6,2.062,0.538
2026-09-30 14:57,4,10,CIN,2.298,2.062,0.236
2026-09-30 14:57,4,11,HOU,2.276,2.062,0.214
2026-09-30 14:57,4,12,CHI,1.913,2.062,-0.15
2026-09-30 14:57,4,13,NE,1.705,2.062,-0.357
2026-09-30 14:57,4,14,DAL,1.574,2.062,-0.489
2026-09-30 14:57,4,15,GB,1.249,2.062,-0.813
2026-09-30 14:57,4,16,JAX,0.964,0.062,0.901
2026-09-30 14:57,4,17,LAC,0.963,2.062,-1.1
2026-09-30 14:57,4,18,MIN,0.535,0.062,0.473
2026-09-30 14:57,4,19,TB,-0.243,0.062,-0.305
2026-09-30 14:57,4,20,PIT,-0.388,0.062,-0.45
2026-09-30 14:57,4,21,IND,-1.19,-1.938,0.748
2026-09-30 14:57,4,22,CAR,-1.573,-1.938,0.365
2026-09-30 14:57,4,23,NYG,-1.98,-1.938,-0.043
2026-09-30 14:57,4,24,NO,-2.232,-1.938,-0.295
2026-09-30 14:57,4,25,WSH,-2.247,-1.938,-0.309
2026-09-30 14:57,4,26,ATL,-2.887,-1.938,-0.949
2026-09-30 14:57,4,27,TEN,-3.89,-3.938,0.047
2026-09-30 14:57,4,28,NYJ,-4.735,-5.938,1.203
2026-09-30 14:57,4,29,LV,-5.524,-5.938,0.413
2026-09-30 14:57,4,30,CLE,-6.077,-5.938,-0.14
2026-09-30 14:57,4,31,AZ,-6.926,-9.938,3.011
2026-09-30 14:57,4,32,MIA,-8.945,-9.938,0.992
